Player Name,Name in FPL,Team,Gameweeks
F·bio Ferreira Vieira,F·bio Vieira,Arsenal,16
Gabriel Fernando de Jesus,G.Jesus,Arsenal,16
Gabriel dos Santos Magalh„es,Gabriel,Arsenal,16
Kai Havertz,Havertz,Arsenal,16
Karl Hein,Hein,Arsenal,16
JurriÎn Timber,J.Timber,Arsenal,16
Jorge Luiz Frello Filho,Jorginho,Arsenal,16
Jakub Kiwior,Kiwior,Arsenal,16
Gabriel Martinelli Silva,Martinelli,Arsenal,16
Ethan Nwaneri,Nwaneri,Arsenal,16
Martin ÿdegaard,ÿdegaard,Arsenal,16
David Raya Martin,Raya,Arsenal,16
Declan Rice,Rice,Arsenal,16
Bukayo Saka,Saka,Arsenal,16
William Saliba,Saliba,Arsenal,16
Thomas Partey,Thomas,Arsenal,16
Kieran Tierney,Tierney,Arsenal,16
Tomiyasu Takehiro,Tomiyasu,Arsenal,16
Leandro Trossard,Trossard,Arsenal,16
Benjamin White,White,Arsenal,16
Oleksandr Zinchenko,Zinchenko,Arsenal,16
Norberto Murara Neto,Neto,Arsenal,16
Raheem Sterling,Sterling,Arsenal,16
Riccardo Calafiori,Calafiori,Arsenal,16
Myles Lewis-Skelly,Lewis-Skelly,Arsenal,16
Mikel Merino,Merino,Arsenal,16
Salah-Eddine Oulad M'hand,Oulad M'hand,Arsenal,16
Tommy Setford,Setford,Arsenal,16
Maldini Kacurri,Kacurri,Arsenal,16
Ayden Heaven,Heaven,Arsenal,16
Ismeal Kabia,Kabia,Arsenal,16
Josh Nichols,Nichols,Arsenal,16
Nathan Butler-Oyedeji,Butler-Oyedeji,Arsenal,16
Leon Bailey,Bailey,Aston Villa,16
Ross Barkley,Barkley,Aston Villa,16
Enzo Barrenechea,Barrenechea,Aston Villa,16
Emiliano BuendÌa Stati,Buendia,Aston Villa,16
Matty Cash,Cash,Aston Villa,16
Leander Dendoncker,Dendoncker,Aston Villa,16
Moussa Diaby,Diaby,Aston Villa,16
Diego Carlos Santos Silva,Diego Carlos,Aston Villa,16
Lucas Digne,Digne,Aston Villa,16
Lewis Dobbin,Dobbin,Aston Villa,16
Jhon Dur·n,Duran,Aston Villa,16
Joe Gauci,Gauci,Aston Villa,16
Kortney Hause,Hause,Aston Villa,16
Samuel Iling-Junior,Iling Jr,Aston Villa,16
Boubacar Kamara,Kamara,Aston Villa,16
Kaine Kesler-Hayden,Kesler-Hayden,Aston Villa,16
Ezri Konsa Ngoyo,Konsa,Aston Villa,16
Ian Maatsen,Maatsen,Aston Villa,16
Filip Marschall,Marschall,Aston Villa,16
Emiliano MartÌnez Romero,Martinez,Aston Villa,16
John McGinn,McGinn,Aston Villa,16
Tyrone Mings,Mings,Aston Villa,16
Kosta Nedeljkovi?,Nedeljkovi?,Aston Villa,16
Robin Olsen,Olsen,Aston Villa,16
Pau Torres,Pau,Aston Villa,16
Jacob Ramsey,Ramsey,Aston Villa,16
Morgan Rogers,Rogers,Aston Villa,16
Viljami Sinisalo,Sinisalo,Aston Villa,16
Lino da Cruz Sousa,Sousa,Aston Villa,16
Youri Tielemans,Tielemans,Aston Villa,16
Ollie Watkins,Watkins,Aston Villa,16
Amadou Onana,Onana,Aston Villa,16
Jaden Philogene,Jaden,Aston Villa,16
Lamare Bogarde,Bogarde,Aston Villa,16
Sil Swinkels,Swinkels,Aston Villa,16
Oliwier Zych,Zych,Aston Villa,16
Kadan Young,Young,Aston Villa,16
Ben Broggio,Broggio,Aston Villa,16
Max Aarons,Aarons,Bournemouth,16
Tyler Adams,Adams,Bournemouth,16
Jaidon Anthony,Anthony,Bournemouth,16
David Brooks,Brooks,Bournemouth,16
Ryan Christie,Christie,Bournemouth,16
Lewis Cook,Cook,Bournemouth,16
Enes ‹nal,Enes ‹nal,Bournemouth,16
Romain Faivre,Faivre,Bournemouth,16
Hamed TraorË,H.TraorË,Bournemouth,16
James Hill,Hill,Bournemouth,16
Daniel Jebbison,Jebbison,Bournemouth,16
Milos Kerkez,Kerkez,Bournemouth,16
Justin Kluivert,Kluivert,Bournemouth,16
Chris Mepham,Mepham,Bournemouth,16
Dango Ouattara,O.Dango,Bournemouth,16
Alex Paulsen,Paulsen,Bournemouth,16
Philip Billing,Philip,Bournemouth,16
Alex Scott,Scott,Bournemouth,16
Antoine Semenyo,Semenyo,Bournemouth,16
Marcos Senesi,Senesi,Bournemouth,16
Luis Sinisterra,Sinisterra,Bournemouth,16
Adam Smith,Smith,Bournemouth,16
Marcus Tavernier,Tavernier,Bournemouth,16
Mark Travers,Travers,Bournemouth,16
Illia Zabarnyi,Zabarnyi,Bournemouth,16
Kepa Arrizabalaga,Arrizabalaga,Bournemouth,16
Dean Huijsen,Huijsen,Bournemouth,16
Juli·n Araujo Z˙Òiga,J.Araujo,Bournemouth,16
Will Dennis,Dennis,Bournemouth,16
Francisco Evanilson de Lima Barbosa,Evanilson,Bournemouth,16
Max Kinsey,Kinsey,Bournemouth,16
Ben Winterburn,Winterburn,Bournemouth,16
Kristoffer Ajer,Ajer,Brentford,16
Ethan Brierley,Brierley,Brentford,16
Nathan Collins,Collins,Brentford,16
Mikkel Damsgaard,Damsgaard,Brentford,16
Josh Dasilva,Dasilva,Brentford,16
Mark Flekken,Flekken,Brentford,16
Rico Henry,Henry,Brentford,16
Aaron Hickey,Hickey,Brentford,16
Vitaly Janelt,Janelt,Brentford,16
Mathias Jensen,Jensen,Brentford,16
Kim Ji-soo,Ji-soo,Brentford,16
Yunus Emre Konak,Konak,Brentford,16
Keane Lewis-Potter,Lewis-Potter,Brentford,16
Bryan Mbeumo,Mbeumo,Brentford,16
Ben Mee,Mee,Brentford,16
Christian N¯rgaard,N¯rgaard,Brentford,16
Frank Onyeka,Onyeka,Brentford,16
Myles Peart-Harris,Peart-Harris,Brentford,16
Ethan Pinnock,Pinnock,Brentford,16
Mads Roerslev Rasmussen,Roerslev,Brentford,16
Kevin Schade,Schade,Brentford,16
Igor Thiago Nascimento Rodrigues,Thiago,Brentford,16
Ivan Toney,Toney,Brentford,16
H·kon Valdimarsson,Valdimarsson,Brentford,16
Yoane Wissa,Wissa,Brentford,16
Yehor Yarmoliuk,Yarmoliuk,Brentford,16
Mathias Jorgensen,Zanka,Brentford,16
F·bio Freitas Gouveia Carvalho,Carvalho,Brentford,16
Sepp van den Berg,Van den Berg,Brentford,16
Ryan Trevitt,Trevitt,Brentford,16
Gustavo Nunes Fernandes Gomes,G.Nunes,Brentford,16
Jayden Meghoma,Meghoma,Brentford,16
Tony Yogane,Yogane,Brentford,16
Paris Maghoma,Maghoma,Brentford,16
Simon Adingra,Adingra,Brighton,16
Benicio Baker-Boaitey,Baker-Boaitey,Brighton,16
Carlos Baleba,Baleba,Brighton,16
ValentÌn Barco,Barco,Brighton,16
Amario Cozier-Duberry,Cozier-Duberry,Brighton,16
Mahmoud Dahoud,Dahoud,Brighton,16
Lewis Dunk,Dunk,Brighton,16
Julio Enciso,Enciso,Brighton,16
Pervis EstupiÒ·n,EstupiÒan,Brighton,16
Evan Ferguson,Ferguson,Brighton,16
Billy Gilmour,Gilmour,Brighton,16
Pascal Groﬂ,Gross,Brighton,16
Jack Hinshelwood,Hinshelwood,Brighton,16
Ibrahim Osman,I.Osman,Brighton,16
Igor Julio dos Santos de Paulo,Igor,Brighton,16
Jo„o Pedro Junqueira de Jesus,Jo„o Pedro,Brighton,16
Kacper Koz?owski,Koz?owski,Brighton,16
Tariq Lamptey,Lamptey,Brighton,16
Solly March,March,Brighton,16
Adrian Mazilu,Mazilu,Brighton,16
James Milner,Milner,Brighton,16
Yankuba Minteh,Minteh,Brighton,16
Mitoma Kaoru,Mitoma,Brighton,16
Jakub Moder,Moder,Brighton,16
Mark O’Mahony,O’Mahony,Brighton,16
Odeluga Offiah,Offiah,Brighton,16
Cameron Peupion,Peupion,Brighton,16
Jeremy Sarmiento Morante,Sarmiento,Brighton,16
Jason Steele,Steele,Brighton,16
Deniz Undav,Undav,Brighton,16
Jan Paul van Hecke,Van Hecke,Brighton,16
JoÎl Veltman,Veltman,Brighton,16
Bart Verbruggen,Verbruggen,Brighton,16
Adam Webster,Webster,Brighton,16
Danny Welbeck,Welbeck,Brighton,16
Mats Wieffer,Wieffer,Brighton,16
Brajan Gruda,Gruda,Brighton,16
Yasin Ayari,Ayari,Brighton,16
Andrew Moran,Moran,Brighton,16
Carl Rushworth,Rushworth,Brighton,16
Georginio Rutter,Georginio,Brighton,16
Ferdi Kadioglu,F.Kadıoğlu,Brighton,16
Matt O'Riley,O'Riley,Brighton,16
Imari Samuels,Samuels,Brighton,16
Killian Cahill,Cahill,Brighton,16
Ruairi McConville,McConville,Brighton,16
Jacob Slater,Slater,Brighton,16
Andrey Nascimento dos Santos,Andrey Santos,Chelsea,16
¬ngelo Gabriel Borges Damaceno,¬ngelo,Chelsea,16
BenoÓt Badiashile,B.Badiashile,Chelsea,16
Lucas Bergstrˆm,Bergstrˆm,Chelsea,16
Marcus Bettinelli,Bettinelli,Chelsea,16
MoisÈs Caicedo Corozo,Caicedo,Chelsea,16
Cesare Casadei,Casadei,Chelsea,16
Ben Chilwell,Chilwell,Chelsea,16
Carney Chukwuemeka,Chukwuemeka,Chelsea,16
Levi Colwill,Colwill,Chelsea,16
Marc Cucurella Saseta,Cucurella,Chelsea,16
David Datro Fofana,D.D.Fofana,Chelsea,16
Deivid Washington de Souza EugÍnio,Deivid,Chelsea,16
Kiernan Dewsbury-Hall,Dewsbury-Hall,Chelsea,16
Axel Disasi,Disasi,Chelsea,16
Enzo Fern·ndez,Enzo,Chelsea,16
Conor Gallagher,Gallagher,Chelsea,16
Alfie Gilchrist,Gilchrist,Chelsea,16
Malo Gusto,Gusto,Chelsea,16
Reece James,James,Chelsea,16
Omari Kellyman,Kellyman,Chelsea,16
RomÈo Lavia,Lavia,Chelsea,16
Romelu Lukaku Bolingoli,Lukaku,Chelsea,16
Malang Sarr,M.Sarr,Chelsea,16
Noni Madueke,Madueke,Chelsea,16
Marc Guiu Paz,Marc Guiu,Chelsea,16
Mykhailo Mudryk,Mudryk,Chelsea,16
Nicolas Jackson,N.Jackson,Chelsea,16
Christopher Nkunku,Nkunku,Chelsea,16
Cole Palmer,Palmer,Chelsea,16
?or?e Petrovi?,Petrovi?,Chelsea,16
Renato Palma Veiga,Renato Veiga,Chelsea,16
Robert S·nchez,S·nchez,Chelsea,16
Tosin Adarabioyo,Tosin,Chelsea,16
Wesley Fofana,W.Fofana,Chelsea,16
Jadon Sancho,Sancho,Chelsea,16
Pedro Lomba Neto,Neto,Chelsea,16
Caleb Wiley,Wiley,Chelsea,16
Filip J¯rgensen,J¯rgensen,Chelsea,16
Jo„o FÈlix Sequeira,Jo„o FÈlix,Chelsea,16
Samuel Rak-Sakyi,Rak-Sakyi,Chelsea,16
Tyrique George,George,Chelsea,16
Josh Acheampong,Acheampong,Chelsea,16
Eddie Nketiah,Nketiah,Crystal Palace,16
Trevoh Chalobah,Chalobah,Crystal Palace,16
Naouirou Ahamada,Ahamada,Crystal Palace,16
Cheick DoucourÈ,C.DoucourÈ,Crystal Palace,16
Chris Richards,C.Richards,Crystal Palace,16
Chadi Riad Dnanou,Chadi Riad,Crystal Palace,16
Nathaniel Clyne,Clyne,Crystal Palace,16
Malcolm Ebiowei,Ebiowei,Crystal Palace,16
Eberechi Eze,Eze,Crystal Palace,16
Marc GuÈhi,GuÈhi,Crystal Palace,16
Dean Henderson,Henderson,Crystal Palace,16
Rob Holding,Holding,Crystal Palace,16
Will Hughes,Hughes,Crystal Palace,16
Daichi Kamada,Kamada,Crystal Palace,16
Jefferson Lerma SolÌs,Lerma,Crystal Palace,16
Jean-Philippe Mateta,Mateta,Crystal Palace,16
Matheus FranÁa de Oliveira,M.FranÁa,Crystal Palace,16
Remi Matthews,Matthews,Crystal Palace,16
Tyrick Mitchell,Mitchell,Crystal Palace,16
Daniel MuÒoz,MuÒoz,Crystal Palace,16
David Ozoh,Ozoh,Crystal Palace,16
Jesurun Rak-Sakyi,Rak-Sakyi,Crystal Palace,16
Jeffrey Schlupp,Schlupp,Crystal Palace,16
Joel Ward,Ward,Crystal Palace,16
Adam Wharton,Wharton,Crystal Palace,16
Matt Turner,Turner,Crystal Palace,16
IsmaÔla Sarr,I.Sarr,Crystal Palace,16
Franco Umeh-Chibueze,Umeh-Chibueze,Crystal Palace,16
Justin Devenny,Devenny,Crystal Palace,16
Asher Agbinone,Agbinone,Crystal Palace,16
Kaden Rodney,Rodney,Crystal Palace,16
Maxence Lacroix,Lacroix,Crystal Palace,16
Caleb Kporha,Kporha,Crystal Palace,16
Zach Marsh,Marsh,Crystal Palace,16
Armando Broja,Broja,Everton,15
Abdoulaye DoucourÈ,A.Doucoure,Everton,15
Norberto Bercique Gomes Betuncal,Beto,Everton,15
Jarrad Branthwaite,Branthwaite,Everton,15
Dominic Calvert-Lewin,Calvert-Lewin,Everton,15
SÈamus Coleman,Coleman,Everton,15
Idrissa Gueye,Gana,Everton,15
James Garner,Garner,Everton,15
Jack Harrison,Harrison,Everton,15
Mason Holgate,Holgate,Everton,15
Tim Iroegbunam,Iroegbunam,Everton,15
Jo„o Neves VirgÌnia,J.Virginia,Everton,15
Michael Keane,Keane,Everton,15
Neal Maupay,Maupay,Everton,15
Dwight McNeil,McNeil,Everton,15
Vitalii Mykolenko,Mykolenko,Everton,15
Iliman Ndiaye,Ndiaye,Everton,15
Nathan Patterson,Patterson,Everton,15
Jordan Pickford,Pickford,Everton,15
James Tarkowski,Tarkowski,Everton,15
Youssef Ramalho Chermiti,Y. Chermiti,Everton,15
Ashley Young,Young,Everton,15
Jesper Lindstr¯m,Lindstr¯m,Everton,15
Jake O'Brien,O'Brien,Everton,15
Harrison Armstrong,Armstrong,Everton,15
Jenson Metcalfe,Metcalfe,Everton,15
Asmir Begovic,Begovic,Everton,15
Roman Dixon,Dixon,Everton,15
Orel Mangala,Mangala,Everton,15
Callum Bates,Bates,Everton,15
Reiss Nelson,Nelson,Fulham,16
Emile Smith Rowe,Smith Rowe,Fulham,16
Joachim Andersen,Andersen,Fulham,16
Adama TraorÈ,Adama,Fulham,16
Andreas Hoelgebaum Pereira,Andreas,Fulham,16
Calvin Bassey,Bassey,Fulham,16
Steven Benda,Benda,Fulham,16
Tom Cairney,Cairney,Fulham,16
Timothy Castagne,Castagne,Fulham,16
Issa Diop,Diop,Fulham,16
Luke Harris,Harris,Fulham,16
Alex Iwobi,Iwobi,Fulham,16
Bernd Leno,Leno,Fulham,16
Saöa Luki?,Luki?,Fulham,16
Kevin Mbabu,Mbabu,Fulham,16
Rodrigo Muniz Carvalho,Muniz,Fulham,16
Ra˙l JimÈnez,Ra˙l,Fulham,16
Tim Ream,Ream,Fulham,16
Harrison Reed,Reed,Fulham,16
Antonee Robinson,Robinson,Fulham,16
Jay Stansfield,Stansfield,Fulham,16
Kenny Tete,Tete,Fulham,16
Carlos VinÌcius Alves Morais,Vinicius,Fulham,16
Harry Wilson,Wilson,Fulham,16
Ryan Sessegnon,Sessegnon,Fulham,16
Jorge Cuenca Barreno,J.Cuenca,Fulham,16
Josh King,King,Fulham,16
Martial Godo,Godo,Fulham,16
Sander Berge,Berge,Fulham,16
Samuel Amissah,Amissah,Fulham,16
Ali Al-Hamadi,Al-Hamadi,Ipswich,16
Elkan Baggott,Baggott,Ipswich,16
Nathan Broadhead,Broadhead,Ipswich,16
Cameron Burgess,Burgess,Ipswich,16
Wes Burns,Burns,Ipswich,16
Conor Chaplin,Chaplin,Ipswich,16
Harry Clarke,H.Clarke,Ipswich,16
Leif Davis,Davis,Ipswich,16
Liam Delap,Delap,Ipswich,16
George Edmundson,Edmundson,Ipswich,16
Jacob Greaves,Greaves,Ipswich,16
Marcus Myers-Harness,Harness,Ipswich,16
George Hirst,Hirst,Ipswich,16
Cameron Humphreys,Humphreys,Ipswich,16
Omari Giraud-Hutchinson,Hutchinson,Ipswich,16
Ben Johnson,Johnson,Ipswich,16
Freddie Ladapo,Ladapo,Ipswich,16
Massimo Luongo,Luongo,Ipswich,16
Sam Morsy,Morsy,Ipswich,16
Corrie Ndaba,Ndaba,Ipswich,16
Cieran Slicker,Slicker,Ipswich,16
Jack Taylor,Taylor,Ipswich,16
Axel Tuanzebe,Tuanzebe,Ipswich,16
Christian Walton,Walton,Ipswich,16
Luke Woolfenden,Woolfenden,Ipswich,16
Kalvin Phillips,Phillips,Ipswich,16
Arijanet Muric,Muric,Ipswich,16
Conor Townsend,Townsend,Ipswich,16
Sam Szmodics,Szmodics,Ipswich,16
Jens Cajuste,Cajuste,Ipswich,16
Dara O'Shea,O'Shea,Ipswich,16
Jack Clarke,J.Clarke,Ipswich,16
Chiedozie Ogbene,Ogbene,Ipswich,16
Facundo Buonanotte,Buonanotte,Leicester,16
Jordan Ayew,J.Ayew,Leicester,16
Odsonne Edouard,Edouard,Leicester,16
Boubakary SoumarÈ,B.SoumarÈ,Leicester,16
Tom Cannon,Cannon,Leicester,16
Hamza Choudhury,Choudhury,Leicester,16
Conor Coady,Coady,Leicester,16
Patson Daka,Daka,Leicester,16
Bobby De Cordova-Reid,De Cordova-Reid,Leicester,16
Wout Faes,Faes,Leicester,16
Michael Golding,Golding,Leicester,16
Mads Hermansen,Hermansen,Leicester,16
Daniel Iversen,Iversen,Leicester,16
James Justin,Justin,Leicester,16
Victor Kristiansen,Kristiansen,Leicester,16
Wanya MarÁal-Madiv·dua,Marcal,Leicester,16
Stephy Mavididi,Mavididi,Leicester,16
Kasey McAteer,McAteer,Leicester,16
Wilfred Ndidi,Ndidi,Leicester,16
Caleb Okoli,Okoli,Leicester,16
Ricardo Barbosa Pereira,Ricardo,Leicester,16
Harry Souttar,Souttar,Leicester,16
Jakub Stolarczyk,Stolarczyk,Leicester,16
Luke Thomas,Thomas,Leicester,16
Jamie Vardy,Vardy,Leicester,16
Jannik Vestergaard,Vestergaard,Leicester,16
Danny Ward,Ward,Leicester,16
Harry Winks,Winks,Leicester,16
Oliver Skipp,Skipp,Leicester,16
Abdul Fatawu,A.Fatawu,Leicester,16
Will Alves,Alves,Leicester,16
Ben Nelson,Nelson,Leicester,16
Bilal El Khannouss,El Khannouss,Leicester,16
Henry Cartwright,Cartwright,Leicester,16
Alisson Ramses Becker,A.Becker,Liverpool,15
Trent Alexander-Arnold,Alexander-Arnold,Liverpool,15
Stefan Baj?eti? Maquieira,Baj?eti?,Liverpool,15
Conor Bradley,Bradley,Liverpool,15
Bobby Clark,Clark,Liverpool,15
Darwin N˙Òez Ribeiro,Darwin,Liverpool,15
Diogo Teixeira da Silva,Diogo J.,Liverpool,15
Ben Doak,Doak,Liverpool,15
Harvey Elliott,Elliott,Liverpool,15
Endo Wataru,Endo,Liverpool,15
Cody Gakpo,Gakpo,Liverpool,15
Joe Gomez,Gomez,Liverpool,15
Ryan Gravenberch,Gravenberch,Liverpool,15
Curtis Jones,Jones,Liverpool,15
Caoimhin Kelleher,Kelleher,Liverpool,15
Ibrahima KonatÈ,KonatÈ,Liverpool,15
Luis DÌaz,Luis DÌaz,Liverpool,15
Mohamed Salah,M.Salah,Liverpool,15
Alexis Mac Allister,Mac Allister,Liverpool,15
James McConnell,McConnell,Liverpool,15
Tyler Morton,Morton,Liverpool,15
Nathaniel Phillips,N.Phillips,Liverpool,15
Jarell Quansah,Quansah,Liverpool,15
Rhys Williams,R.Williams,Liverpool,15
Andrew Robertson,Robertson,Liverpool,15
Dominik Szoboszlai,Szoboszlai,Liverpool,15
Konstantinos Tsimikas,Tsimikas,Liverpool,15
Virgil van Dijk,Virgil,Liverpool,15
Federico Chiesa,Chiesa,Liverpool,15
VÌtezslav Jaros,Jaros,Liverpool,15
Harvey Davies,Davies,Liverpool,15
Treymaurice Nyoni,Nyoni,Liverpool,15
Amara Nallo,Nallo,Liverpool,15
Manuel Akanji,Akanji,Man City,16
Nathan AkÈ,AkÈ,Man City,16
Bernardo Veiga de Carvalho e Silva,Bernardo,Man City,16
Oscar Bobb,Bobb,Man City,16
Scott Carson,Carson,Man City,16
Kevin De Bruyne,De Bruyne,Man City,16
JÈrÈmy Doku,Doku,Man City,16
Ederson Santana de Moraes,Ederson M.,Man City,16
Phil Foden,Foden,Man City,16
Jack Grealish,Grealish,Man City,16
Joöko Gvardiol,Gvardiol,Man City,16
Erling Haaland,Haaland,Man City,16
Juli·n √lvarez,J.Alvarez,Man City,16
Jo„o Cavaco Cancelo,Jo„o Cancelo,Man City,16
Mateo Kova?i?,Kova?i?,Man City,16
Rico Lewis,Lewis,Man City,16
Matheus Luiz Nunes,Matheus N.,Man City,16
James McAtee,McAtee,Man City,16
Stefan Ortega Moreno,Ortega Moreno,Man City,16
Rodrigo 'Rodri' Hernandez,Rodrigo,Man City,16
R˙ben Gato Alves Dias,R˙ben,Man City,16
John Stones,Stones,Man City,16
Kyle Walker,Walker,Man City,16
S·vio 'Savinho' Moreira de Oliveira,S·vio,Man City,16
Nico O'Reilly,O’Reilly,Man City,16
Ilkay G¸ndogan,G¸ndogan,Man City,16
Issa KaborÈ,KaborÈ,Man City,16
Jacob Wright,Wright,Man City,16
Jahmai Simpson-Pusey,Simpson-Pusey,Man City,16
Josh Wilson-Esbrand,Wilson-Esbrand,Man City,16
Divin Mubama,Mubama,Man City,16
Amad Diallo,Amad,Man Utd,16
Antony Matheus dos Santos,Antony,Man Utd,16
Bruno Borges Fernandes,B.Fernandes,Man Utd,16
Altay Bayindir,Bayindir,Man Utd,16
Carlos Henrique Casimiro,Casemiro,Man Utd,16
Diogo Dalot Teixeira,Dalot,Man Utd,16
Christian Eriksen,Eriksen,Man Utd,16
Jonny Evans,Evans,Man Utd,16
Alejandro Garnacho,Garnacho,Man Utd,16
Hannibal Mejbri,Hannibal,Man Utd,16
Tom Heaton,Heaton,Man Utd,16
Rasmus H¯jlund,H¯jlund,Man Utd,16
Victor Lindelˆf,Lindelof,Man Utd,16
Harry Maguire,Maguire,Man Utd,16
Kobbie Mainoo,Mainoo,Man Utd,16
Tyrell Malacia,Malacia,Man Utd,16
Lisandro MartÌnez,Martinez,Man Utd,16
Scott McTominay,McTominay,Man Utd,16
Mason Mount,Mount,Man Utd,16
AndrÈ Onana,Onana,Man Utd,16
Facundo Pellistri Rebollo,Pellistri,Man Utd,16
Marcus Rashford,Rashford,Man Utd,16
Luke Shaw,Shaw,Man Utd,16
Joshua Zirkzee,Zirkzee,Man Utd,16
Leny Yoro,Yoro,Man Utd,16
Matthijs de Ligt,De Ligt,Man Utd,16
Noussair Mazraoui,Mazraoui,Man Utd,16
Toby Collyer,Collyer,Man Utd,16
Ethan Wheatley,Wheatley,Man Utd,16
Manuel Ugarte,Ugarte,Man Utd,16
Jack Fletcher,Fletcher,Man Utd,16
Harry Amass,Amass,Man Utd,16
Jayce Fitzgerald,Fitzgerald,Man Utd,16
Godwill Kukonki,Kukonki,Man Utd,16
Alex Murphy,A.Murphy,Newcastle,16
Miguel AlmirÛn Rejala,AlmirÛn,Newcastle,16
Harvey Barnes,Barnes,Newcastle,16
Sven Botman,Botman,Newcastle,16
Bruno Guimar„es Rodriguez Moura,Bruno G.,Newcastle,16
Dan Burn,Burn,Newcastle,16
Martin D˙bravka,D˙bravka,Newcastle,16
Anthony Gordon,Gordon,Newcastle,16
Lewis Hall,Hall,Newcastle,16
Isaac Hayden,Hayden,Newcastle,16
Alexander Isak,Isak,Newcastle,16
Jacob Murphy,J.Murphy,Newcastle,16
Joelinton C·ssio Apolin·rio de Lira,Joelinton,Newcastle,16
Lloyd Kelly,Kelly,Newcastle,16
Emil Krafth,Krafth,Newcastle,16
Garang Kuol,Kuol,Newcastle,16
Jamaal Lascelles,Lascelles,Newcastle,16
Jamal Lewis,Lewis,Newcastle,16
Tino Livramento,Livramento,Newcastle,16
Sean Longstaff,Longstaff,Newcastle,16
Lewis Miley,Miley,Newcastle,16
Odysseas Vlachodimos,Odysseas,Newcastle,16
Nick Pope,Pope,Newcastle,16
John Ruddy,Ruddy,Newcastle,16
Fabian Sch‰r,Sch‰r,Newcastle,16
Matt Targett,Targett,Newcastle,16
Sandro Tonali,Tonali,Newcastle,16
Kieran Trippier,Trippier,Newcastle,16
Joe White,White,Newcastle,16
Joe Willock,Willock,Newcastle,16
Callum Wilson,Wilson,Newcastle,16
Miodrag Pivaö,Pivas,Newcastle,16
William Osula,Osula,Newcastle,16
√lex Moreno Lopera,√lex Moreno,Nott'm Forest,16
Ola Aina,Aina,Nott'm Forest,16
Elliot Anderson,Anderson,Nott'm Forest,16
Taiwo Awoniyi,Awoniyi,Nott'm Forest,16
Willy Boly,Boly,Nott'm Forest,16
Josh Bowler,Bowler,Nott'm Forest,16
Carlos Miguel dos Santos Pereira,C.Miguel,Nott'm Forest,16
Eric da Silva Moreira,Da Silva Moreira,Nott'm Forest,16
Danilo dos Santos de Oliveira,Danilo,Nott'm Forest,16
Emmanuel Dennis,Dennis,Nott'm Forest,16
Nicol·s DomÌnguez,Dominguez,Nott'm Forest,16
Anthony Elanga,Elanga,Nott'm Forest,16
Morgan Gibbs-White,Gibbs-White,Nott'm Forest,16
Callum Hudson-Odoi,Hudson-Odoi,Nott'm Forest,16
Alex Mighten,Mighten,Nott'm Forest,16
Murillo Santiago Costa dos Santos,Murillo,Nott'm Forest,16
Neco Williams,N.Williams,Nott'm Forest,16
Omar Richards,O.Richards,Nott'm Forest,16
Lewis O'Brien,O'Brien,Nott'm Forest,16
Andrew Omobamidele,Omobamidele,Nott'm Forest,16
Jonathan Panzo,Panzo,Nott'm Forest,16
Ibrahim SangarÈ,SangarÈ,Nott'm Forest,16
Matz Sels,Sels,Nott'm Forest,16
Harry Toffolo,Toffolo,Nott'm Forest,16
Hwang Ui-jo,Ui-jo,Nott'm Forest,16
Chris Wood,Wood,Nott'm Forest,16
Joe Worrall,Worrall,Nott'm Forest,16
Ryan Yates,Yates,Nott'm Forest,16
James Ward-Prowse,Ward-Prowse,Nott'm Forest,16
Nikola Milenkovi?,Milenkovi?,Nott'm Forest,16
Jo„o Pedro Ferreira Silva,Jota Silva,Nott'm Forest,16
RamÛn Sosa,Sosa,Nott'm Forest,16
Felipe Rodrigues da Silva,Morato,Nott'm Forest,16
Aaron Ramsdale,Ramsdale,Southampton,16
Cameron Archer,Archer,Southampton,16
Lesley Ugochukwu,Ugochukwu,Southampton,16
Ryan Fraser,Fraser,Southampton,16
Carlos Alcaraz Dur·n,Alcaraz,Southampton,16
Samuel Amo-Ameyaw,Amo-Ameyaw,Southampton,16
Joe Aribo,Aribo,Southampton,16
Adam Armstrong,Armstrong,Southampton,16
Gavin Bazunu,Bazunu,Southampton,16
Jan Bednarek,Bednarek,Southampton,16
Armel Bella-Kotchap,Bella-Kotchap,Southampton,16
James Bree,Bree,Southampton,16
Shea Charles,Charles,Southampton,16
Samuel Edozie,Edozie,Southampton,16
Ronnie Edwards,Edwards,Southampton,16
Taylor Harwood-Bellis,Harwood-Bellis,Southampton,16
Kamaldeen Sulemana,Kamaldeen,Southampton,16
Adam Lallana,Lallana,Southampton,16
Juan Larios LÛpez,Larios,Southampton,16
Mateusz Lis,Lis,Southampton,16
Joe Lumley,Lumley,Southampton,16
Ryan Manning,Manning,Southampton,16
SÈkou Mara,Mara,Southampton,16
Alex McCarthy,McCarthy,Southampton,16
Paul Onuachu,Onuachu,Southampton,16
Will Smallbone,Smallbone,Southampton,16
Jack Stephens,Stephens,Southampton,16
Ross Stewart,Stewart,Southampton,16
Sugawara Yukinari,Sugawara,Southampton,16
Charlie Taylor,Taylor,Southampton,16
Kyle Walker-Peters,Walker-Peters,Southampton,16
Nathan Wood-Gordon,Wood,Southampton,16
Maxwel Cornet,Cornet,Southampton,16
Flynn Downes,Downes,Southampton,16
Ben Brereton DÌaz,Brereton DÌaz,Southampton,16
Tyler Dibling,Dibling,Southampton,16
Mateus GonÁalo Espanha Fernandes,M.Fernandes,Southampton,16
Joseph O'Brien-Whitmarsh,O'Brien-Whitmarsh,Southampton,16
Dominic Solanke-Mitchell,Solanke,Spurs,16
Ashley Phillips,A.Phillips,Spurs,16
Brandon Austin,Austin,Spurs,16
Rodrigo Bentancur,Bentancur,Spurs,16
Lucas Bergvall,Bergvall,Spurs,16
Yves Bissouma,Bissouma,Spurs,16
Bryan Gil Salvatierra,Bryan,Spurs,16
Ben Davies,Davies,Spurs,16
Alfie Devine,Devine,Spurs,16
Radu Dr?gu?in,Dr?gu?in,Spurs,16
Emerson Leite de Souza Junior,E.Royal,Spurs,16
Fraser Forster,Forster,Spurs,16
Archie Gray,Gray,Spurs,16
Pierre-Emile H¯jbjerg,H¯jbjerg,Spurs,16
Brennan Johnson,Johnson,Spurs,16
Dejan Kulusevski,Kulusevski,Spurs,16
Giovani Lo Celso,Lo Celso,Spurs,16
James Maddison,Maddison,Spurs,16
Pedro Porro,Pedro Porro,Spurs,16
Sergio ReguilÛn,ReguilÛn,Spurs,16
Richarlison de Andrade,Richarlison,Spurs,16
Cristian Romero,Romero,Spurs,16
Pape Matar Sarr,P.M.Sarr,Spurs,16
Dane Scarlett,Scarlett,Spurs,16
Manor Solomon,Solomon,Spurs,16
Son Heung-min,Son,Spurs,16
Djed Spence,Spence,Spurs,16
Destiny Udogie,Udogie,Spurs,16
Micky van de Ven,Van de Ven,Spurs,16
Alejo VÈliz,Veliz,Spurs,16
Guglielmo Vicario,Vicario,Spurs,16
Timo Werner,Werner,Spurs,16
Alfie Whiteman,Whiteman,Spurs,16
Will Lankshear,Lankshear,Spurs,16
Mikey Moore,Moore,Spurs,16
Wilson Odobert,Odobert,Spurs,16
Callum Olusesi,Olusesi,Spurs,16
Malachi Hardy,Hardy,Spurs,16
Luca Williams-Barnett,Williams-Barnett,Spurs,16
Alfie Dorrington,Dorrington,Spurs,16
Maeson King,King,Spurs,16
Aaron Wan-Bissaka,Wan-Bissaka,West Ham,16
Edson √Ålvarez Vel·zquez,√Ålvarez,West Ham,16
Michail Antonio,Antonio,West Ham,16
Alphonse Areola,Areola,West Ham,16
Jarrod Bowen,Bowen,West Ham,16
VladimÌr Coufal,Coufal,West Ham,16
Aaron Cresswell,Cresswell,West Ham,16
George Earthy,Earthy,West Ham,16
Emerson Palmieri dos Santos,Emerson,West Ham,16
?ukasz Fabia?ski,Fabia?ski,West Ham,16
Wes Foderingham,Foderingham,West Ham,16
Danny Ings,Ings,West Ham,16
Max Kilman,Kilman,West Ham,16
Mohammed Kudus,Kudus,West Ham,16
Luis Guilherme Lira dos Santos,L.Guilherme,West Ham,16
Lucas Tolentino Coelho de Lima,L.Paquet·,West Ham,16
Konstantinos Mavropanos,Mavropanos,West Ham,16
Nayef Aguerd,N.Aguerd,West Ham,16
Tom·ö Sou?ek,Sou?ek,West Ham,16
Kurt Zouma,Zouma,West Ham,16
Andy Irving,Irving,West Ham,16
Crysencio Summerville,Summerville,West Ham,16
Guido RodrÌguez,G.RodrÌguez,West Ham,16
Niclas F¸llkrug,F¸llkrug,West Ham,16
Jean-Clair Todibo,Todibo,West Ham,16
Kaelan Casey,Casey,West Ham,16
Carlos Soler,C.Soler,West Ham,16
Ollie Scarles,Scarles,West Ham,16
Ezra Mayers,Mayers,West Ham,16
Sam Johnstone,Johnstone,Wolves,16
Rayan AÔt-Nouri,AÔt-Nouri,Wolves,16
Boubacar TraorÈ,B.Traore,Wolves,16
Jean-Ricner Bellegarde,Bellegarde,Wolves,16
Daniel Bentley,Bentley,Wolves,16
Francisco Jorge Tom·s Oliveira,Chiquinho,Wolves,16
Tawanda Chirewa,Chirewa,Wolves,16
Leon Chiwome,Chiwome,Wolves,16
Luke Cundle,Cundle,Wolves,16
Matheus Santos Carneiro Da Cunha,Cunha,Wolves,16
Craig Dawson,Dawson,Wolves,16
Matt Doherty,Doherty,Wolves,16
Tommy Doyle,Doyle,Wolves,16
F·bio Silva,F·bio Silva,Wolves,16
Nathan Fraser,Fraser,Wolves,16
Enso Gonz·lez,Gonzalez,Wolves,16
GonÁalo Manuel Ganchinho Guedes,Guedes,Wolves,16
Hugo Bueno LÛpez,H.Bueno,Wolves,16
Hwang Hee-chan,Hee Chan,Wolves,16
Joe Hodge,Hodge,Wolves,16
Ki-Jana Hoever,Hoever,Wolves,16
Jo„o Victor Gomes da Silva,J.Gomes,Wolves,16
JosÈ Malheiro de S·,JosÈ S·,Wolves,16
Saöa Kalajdûi?,Kalajdûi?,Wolves,16
Tom King,King,Wolves,16
Mario Lemina,Mario Jr.,Wolves,16
Yerson Mosquera,Mosquera,Wolves,16
NÈlson Cabral Semedo,N.Semedo,Wolves,16
Pedro Cardoso de Lima,Pedro Lima,Wolves,16
Daniel Castelo Podence,Podence,Wolves,16
Rodrigo Martins Gomes,R.Gomes,Wolves,16
Santiago Bueno,S.Bueno,Wolves,16
Pablo Sarabia,Sarabia,Wolves,16
J¯rgen Strand Larsen,Strand Larsen,Wolves,16
Toti AntÛnio Gomes,Toti,Wolves,16
Bastien Meupiyou,Meupiyou,Wolves,16
AndrÈ Trindade da Costa Neto,AndrÈ,Wolves,16
Carlos Roberto Forbs Borges,Forbs,Wolves,16
Alfie Pond,Pond,Wolves,16
Tom Edozie,Edozie,Wolves,16
